Asset,ADF Statistic,p-value,Stationary
BND,-1.082715572437253,0.7219152878364108,No
SPY,1.308944206401753,0.9966585485990035,No
TSLA,-1.0695991394177442,0.7270419411549228,No
