Asset,ADF Statistic,p-value,Stationary
BND,-15.216081002728062,5.568090563597597e-28,Yes
SPY,-17.572177384744272,4.0463249352197095e-30,Yes
TSLA,-53.97189280425143,0.0,Yes
