Model,MAE,RMSE,MAPE
"ARIMA(5, 1, 0)",54.144857271186545,69.90139832395208,17.104549222415404
