Portfolio,Total Return,Annualized Return,Annualized Volatility,Sharpe Ratio,Maximum Drawdown
Optimized Strategy,0.16256113229826497,0.10817294582938972,0.11101042443740623,0.9744395301396542,-0.10487018102195979
Benchmark 60% SPY / 40% BND,0.1636461015153905,0.1802235975612947,0.39607438867141664,0.4550246183951273,-0.36550837174882017
