Model,MAE,RMSE,MAPE
LSTM,14.777904961698798,18.785208738133438,4.217858627420315
