Model,MAE,RMSE,MAPE
LSTM,15.211195709884807,19.228268106603338,4.173699043721415
