Model,MAE,RMSE,MAPE
"ARIMA(5, 1, 0)",54.14485727066307,69.90139832279155,17.104549222169364
LSTM,15.211195709884807,19.228268106603338,4.173699043721415
