Asset,Max Sharpe Weight,Minimum Volatility Weight
BND,0.5779144190693571,0.9455975150899063
SPY,0.32438749913200726,0.05440248491009365
TSLA,0.09769808179863562,0.0
