Portfolio,Expected Annual Return,Expected Annual Volatility,Sharpe Ratio
Maximum Sharpe,0.10272706587617343,0.10541138613229066,0.9745348168294796
Minimum Volatility,0.026722702987802167,0.05223465214696441,0.5115895653447965
