Asset,Max Sharpe Weight,Minimum Volatility Weight
BND,0.5779160568922042,0.9455970140197205
SPY,0.3243861288441387,0.05440298598027943
TSLA,0.09769781426365719,0.0
