Model,MAE,RMSE,MAPE
"SARIMA(1, 1, 1)x(1, 1, 1, 5)",65.20939528270316,81.82810479548472,20.63694306526194
